<keymap version="1" name="BenProfile" parent="$default">
  <action id="ActivateBitoToolWindow">
    <keyboard-shortcut first-keystroke="alt b" />
  </action>
  <action id="ActivateDatabaseToolWindow">
    <keyboard-shortcut first-keystroke="alt d" />
  </action>
  <action id="ActivateMavenToolWindow">
    <keyboard-shortcut first-keystroke="alt m" />
  </action>
  <action id="Back">
    <mouse-shortcut keystroke="button4" />
    <keyboard-shortcut first-keystroke="alt left" />
  </action>
  <action id="Compile" />
  <action id="CompileDirty">
    <keyboard-shortcut first-keystroke="shift ctrl f9" />
  </action>
  <action id="CompileFile" />
  <action id="Console.History.Browse" />
  <action id="Console.Jpa.GenerateSql" />
  <action id="DebugClass">
    <keyboard-shortcut first-keystroke="ctrl alt f9" />
  </action>
  <action id="Diff.ShowSettingsPopup" />
  <action id="EditorChooseLookupItemCompleteStatement">
    <keyboard-shortcut first-keystroke="alt enter" />
  </action>
  <action id="EditorCompleteStatement">
    <keyboard-shortcut first-keystroke="alt enter" />
  </action>
  <action id="EditorDeleteLine">
    <keyboard-shortcut first-keystroke="shift ctrl d" />
  </action>
  <action id="EditorLineEnd">
    <keyboard-shortcut first-keystroke="end" />
    <keyboard-shortcut first-keystroke="ctrl semicolon" />
  </action>
  <action id="EditorLineStart">
    <keyboard-shortcut first-keystroke="home" />
    <keyboard-shortcut first-keystroke="shift ctrl semicolon" />
  </action>
  <action id="EditorStartNewLineBefore">
    <keyboard-shortcut first-keystroke="shift ctrl enter" />
  </action>
  <action id="EditorToggleUseSoftWraps">
    <keyboard-shortcut first-keystroke="alt z" />
  </action>
  <action id="ForceRunToCursor">
    <keyboard-shortcut first-keystroke="ctrl alt f10" />
  </action>
  <action id="Forward">
    <mouse-shortcut keystroke="button5" />
    <keyboard-shortcut first-keystroke="alt right" />
  </action>
  <action id="GotoDeclaration">
    <keyboard-shortcut first-keystroke="ctrl b" />
    <mouse-shortcut keystroke="control button1" />
    <mouse-shortcut keystroke="button2" />
    <keyboard-shortcut first-keystroke="alt g" />
  </action>
  <action id="GotoImplementation">
    <keyboard-shortcut first-keystroke="ctrl alt b" />
    <mouse-shortcut keystroke="control alt button1" />
    <keyboard-shortcut first-keystroke="shift alt g" />
  </action>
  <action id="IncrementalSearch">
    <keyboard-shortcut first-keystroke="shift alt o" />
  </action>
  <action id="Kotlin.RunScratch" />
  <action id="MakeModule">
    <keyboard-shortcut first-keystroke="ctrl f9" />
  </action>
  <action id="Maven.Reimport">
    <keyboard-shortcut first-keystroke="ctrl alt w" />
  </action>
  <action id="NextTab">
    <keyboard-shortcut first-keystroke="ctrl alt right" />
  </action>
  <action id="PackageFile" />
  <action id="PreviousTab">
    <keyboard-shortcut first-keystroke="ctrl alt left" />
  </action>
  <action id="PublishGroup.UploadTo" />
  <action id="RenameFile">
    <keyboard-shortcut first-keystroke="ctrl alt r" />
  </action>
  <action id="RevealIn">
    <keyboard-shortcut first-keystroke="shift ctrl s" />
  </action>
  <action id="Scala.ShowImplicits">
    <keyboard-shortcut first-keystroke="shift ctrl alt equals" />
    <keyboard-shortcut first-keystroke="shift ctrl alt add" />
  </action>
  <action id="SelectVirtualTemplateElement" />
  <action id="ShowIntentionActions">
    <keyboard-shortcut first-keystroke="alt i" />
  </action>
  <action id="ShowRecentTests" />
  <action id="SwitchApply">
    <keyboard-shortcut first-keystroke="shift alt enter" />
  </action>
  <action id="SwitchDown">
    <keyboard-shortcut first-keystroke="shift alt down" />
  </action>
  <action id="SwitchLeft">
    <keyboard-shortcut first-keystroke="shift alt left" />
  </action>
  <action id="SwitchRight">
    <keyboard-shortcut first-keystroke="shift alt right" />
  </action>
  <action id="SwitchUp">
    <keyboard-shortcut first-keystroke="shift alt up" />
  </action>
  <action id="TagDocumentationNavigation" />
  <action id="TextSearchAction">
    <keyboard-shortcut first-keystroke="shift ctrl alt x" />
  </action>
  <action id="Uml.ShowDiff" />
  <action id="Vcs.ToggleAmendCommitMode" />
  <action id="android.deploy.CodeSwap" />
  <action id="editRunConfigurations">
    <keyboard-shortcut first-keystroke="shift ctrl alt e" />
  </action>
  <action id="hg4idea.QGotoFromPatches" />
</keymap>