<application>
  <component name="ProjectManager">
    <defaultProject>
      <component name="PropertiesComponent">{
  &quot;keyToString&quot;: {
    &quot;settings.editor.selected.configurable&quot;: &quot;CPPToolchains&quot;
  }
}</component>
      <component name="WindowStateProjectService">
        <state x="480" y="187" key="SettingsEditor" timestamp="1702369952790">
          <screen x="0" y="0" width="1957" height="1152" />
        </state>
        <state x="480" y="187" key="SettingsEditor/2560.0.1204.720/0.0.1957.1152" timestamp="1702369952790" />
      </component>
    </defaultProject>
  </component>
</application>