<application>
  <component name="WebServers">
    <option name="servers">
      <webServer id="8a35fc30-9c5a-4613-91bc-5539379f992e" name="Remote Host (8a35fc30-9c5a-4613-91bc-5539379f992e)" url="http:///">
        <fileTransfer rootFolder="/home/ben/Softwares/JetBrains/CppProjects/TestProject" accessType="SFTP" host="192.168.141.129" port="22" sshConfigId="f6e798b3-e6ff-4f37-b7fa-bdf0f52befe8" sshConfig="ben@192.168.141.129:22 password" />
      </webServer>
    </option>
    <groups>
      <group>
        <name>Remote Development</name>
        <mayChangeLevel>false</mayChangeLevel>
        <servers>
          <name value="Remote Host (8a35fc30-9c5a-4613-91bc-5539379f992e)" />
        </servers>
      </group>
    </groups>
  </component>
</application>