<keymap version="1" name="BenProfile" parent="$default">
  <action id="ActivateBitoToolWindow">
    <keyboard-shortcut first-keystroke="alt b" />
  </action>
  <action id="ActivateCMakeToolWindow">
    <keyboard-shortcut first-keystroke="alt f11" />
  </action>
  <action id="ActivateDatabaseToolWindow">
    <keyboard-shortcut first-keystroke="alt d" />
  </action>
  <action id="Back">
    <mouse-shortcut keystroke="button4" />
    <keyboard-shortcut first-keystroke="alt left" />
  </action>
  <action id="BuildProject">
    <keyboard-shortcut first-keystroke="shift ctrl f9" />
  </action>
  <action id="CIDR.Lang.Cpp.GenerateDefinitions">
    <keyboard-shortcut first-keystroke="alt c" />
  </action>
  <action id="CIDR.Lang.SwitchHeaderSource">
    <keyboard-shortcut first-keystroke="ctrl alt home" />
    <keyboard-shortcut first-keystroke="alt o" />
  </action>
  <action id="CMake.CompileCurrentFile" />
  <action id="CMake.ReloadCMakeProject">
    <keyboard-shortcut first-keystroke="ctrl alt w" />
  </action>
  <action id="Clean">
    <keyboard-shortcut first-keystroke="shift ctrl alt f9" />
  </action>
  <action id="Console.History.Browse" />
  <action id="DebugClass">
    <keyboard-shortcut first-keystroke="ctrl alt released f9" />
  </action>
  <action id="EditorAddOrRemoveCaret">
    <mouse-shortcut keystroke="alt button1" />
  </action>
  <action id="EditorCompleteStatement">
    <keyboard-shortcut first-keystroke="alt enter" />
  </action>
  <action id="EditorCreateRectangularSelectionOnMouseDrag">
    <mouse-shortcut keystroke="button2" />
    <mouse-shortcut keystroke="shift alt button1" />
  </action>
  <action id="EditorDeleteLine">
    <keyboard-shortcut first-keystroke="shift ctrl d" />
  </action>
  <action id="EditorLineEnd">
    <keyboard-shortcut first-keystroke="end" />
    <keyboard-shortcut first-keystroke="ctrl semicolon" />
  </action>
  <action id="EditorLineStart">
    <keyboard-shortcut first-keystroke="home" />
    <keyboard-shortcut first-keystroke="shift ctrl semicolon" />
  </action>
  <action id="EditorStartNewLineBefore">
    <keyboard-shortcut first-keystroke="shift ctrl enter" />
  </action>
  <action id="EditorToggleUseSoftWraps">
    <keyboard-shortcut first-keystroke="alt z" />
  </action>
  <action id="ForceRunToCursor">
    <keyboard-shortcut first-keystroke="ctrl alt released f10" />
  </action>
  <action id="Forward">
    <mouse-shortcut keystroke="button5" />
    <keyboard-shortcut first-keystroke="alt right" />
  </action>
  <action id="GotoDeclaration">
    <keyboard-shortcut first-keystroke="ctrl b" />
    <mouse-shortcut keystroke="control button1" />
    <mouse-shortcut keystroke="button2" />
    <keyboard-shortcut first-keystroke="alt g" />
  </action>
  <action id="GotoImplementation">
    <keyboard-shortcut first-keystroke="ctrl alt b" />
    <mouse-shortcut keystroke="control alt button1" />
    <keyboard-shortcut first-keystroke="shift alt g" />
  </action>
  <action id="GotoRelated">
    <keyboard-shortcut first-keystroke="f10" />
    <keyboard-shortcut first-keystroke="alt o" />
  </action>
  <action id="IncrementalSearch">
    <keyboard-shortcut first-keystroke="shift alt o" />
  </action>
  <action id="NextTab">
    <keyboard-shortcut first-keystroke="ctrl alt right" />
  </action>
  <action id="PreviousTab">
    <keyboard-shortcut first-keystroke="ctrl alt left" />
  </action>
  <action id="RenameFile">
    <keyboard-shortcut first-keystroke="ctrl alt r" />
  </action>
  <action id="RevealIn">
    <keyboard-shortcut first-keystroke="shift ctrl s" />
  </action>
  <action id="RunJsbtTask" />
  <action id="ShowIntentionActions">
    <keyboard-shortcut first-keystroke="alt i" />
  </action>
  <action id="editRunConfigurations">
    <keyboard-shortcut first-keystroke="shift ctrl alt e" />
  </action>
  <action id="hg4idea.QGotoFromPatches" />
</keymap>