<application>
  <component name="ProjectManager">
    <defaultProject>
      <component name="PropertiesComponent">{
  &quot;keyToString&quot;: {
    &quot;settings.editor.selected.configurable&quot;: &quot;CPPToolchains&quot;
  }
}</component>
      <component name="WindowStateProjectService">
        <state x="411" y="132" key="SettingsEditor" timestamp="1691456447443">
          <screen x="0" y="0" width="1965" height="1152" />
        </state>
        <state x="411" y="132" key="SettingsEditor/2560.0.1211.720/0.0.1965.1152" timestamp="1691456447443" />
      </component>
    </defaultProject>
  </component>
</application>