<keymap version="1" name="BenProfile" parent="$default">
  <action id="ActivateBitoToolWindow">
    <keyboard-shortcut first-keystroke="alt b" />
  </action>
  <action id="Back">
    <mouse-shortcut keystroke="button4" />
    <keyboard-shortcut first-keystroke="alt left" />
  </action>
  <action id="Console.Jpa.GenerateSql" />
  <action id="Diff.ShowSettingsPopup" />
  <action id="EditorChooseLookupItemCompleteStatement">
    <keyboard-shortcut first-keystroke="alt enter" />
  </action>
  <action id="EditorCompleteStatement">
    <keyboard-shortcut first-keystroke="alt enter" />
  </action>
  <action id="EditorDeleteLine">
    <keyboard-shortcut first-keystroke="shift ctrl d" />
  </action>
  <action id="EditorLineEnd">
    <keyboard-shortcut first-keystroke="end" />
    <keyboard-shortcut first-keystroke="ctrl semicolon" />
  </action>
  <action id="EditorLineStart">
    <keyboard-shortcut first-keystroke="home" />
    <keyboard-shortcut first-keystroke="shift ctrl semicolon" />
  </action>
  <action id="EditorStartNewLineBefore">
    <keyboard-shortcut first-keystroke="shift ctrl enter" />
  </action>
  <action id="Forward">
    <mouse-shortcut keystroke="button5" />
    <keyboard-shortcut first-keystroke="alt right" />
  </action>
  <action id="GotoDeclaration">
    <keyboard-shortcut first-keystroke="ctrl b" />
    <mouse-shortcut keystroke="control button1" />
    <mouse-shortcut keystroke="button2" />
    <keyboard-shortcut first-keystroke="alt g" />
  </action>
  <action id="GotoImplementation">
    <keyboard-shortcut first-keystroke="ctrl alt b" />
    <mouse-shortcut keystroke="control alt button1" />
    <keyboard-shortcut first-keystroke="shift alt g" />
  </action>
  <action id="IncrementalSearch">
    <keyboard-shortcut first-keystroke="shift alt o" />
  </action>
  <action id="NextTab">
    <keyboard-shortcut first-keystroke="ctrl alt right" />
  </action>
  <action id="PreviousTab">
    <keyboard-shortcut first-keystroke="ctrl alt left" />
  </action>
  <action id="PublishGroup.UploadTo" />
  <action id="QuickEvaluateExpression">
    <keyboard-shortcut first-keystroke="ctrl alt f8" />
    <mouse-shortcut keystroke="alt button1" />
    <mouse-shortcut keystroke="alt altGraph button1" />
  </action>
  <action id="RenameFile">
    <keyboard-shortcut first-keystroke="ctrl alt r" />
  </action>
  <action id="RevealIn">
    <keyboard-shortcut first-keystroke="shift ctrl s" />
  </action>
  <action id="ShowIntentionActions">
    <keyboard-shortcut first-keystroke="alt i" />
  </action>
  <action id="SwitchApply">
    <keyboard-shortcut first-keystroke="shift alt enter" />
  </action>
  <action id="SwitchDown">
    <keyboard-shortcut first-keystroke="shift alt down" />
  </action>
  <action id="SwitchLeft">
    <keyboard-shortcut first-keystroke="shift alt left" />
  </action>
  <action id="SwitchRight">
    <keyboard-shortcut first-keystroke="shift alt right" />
  </action>
  <action id="SwitchUp">
    <keyboard-shortcut first-keystroke="shift alt up" />
  </action>
  <action id="TagDocumentationNavigation" />
  <action id="TextSearchAction">
    <keyboard-shortcut first-keystroke="shift ctrl alt x" />
  </action>
  <action id="Uml.ShowDiff" />
  <action id="editRunConfigurations">
    <keyboard-shortcut first-keystroke="shift ctrl alt e" />
  </action>
  <action id="hg4idea.QGotoFromPatches" />
</keymap>